ISBN ITA,ISBN ESTERO,KIOSK ITA,KIOSK VIVES(ES),KIOSK UES (TK)
9788853015174,9788853015174E,8743,12803,12783
9788853015150,9788853015150E,8249,12799,12779
9788853015181,9788853015181E,8742,12802,12782
9788853015204,9788853015204E,8711,12795,12775
9788853015235,9788853015235E,8741,12798,12778
9788853015112,9788853015112E,8667,12796,12776
9788853015129,9788853015129E,8594,12801,12781
9788853015228,9788853015228E,8538,12794,12774
9788853015136,9788853015136E,8572,12806,12786
9788853015143,9788853015143E,8573,12797,12777
9788853015167,9788853015167E,8723,12793,12773
9788853015211,9788853015211E,8250,12804,12784
9788853015242,9788853015242E,8251,12790,12770
9788853007650,9788853007650E,8744,12805,12785
9788853007094,9788853007094E,8229,12800,12780
9788853015600,9788853015600E,,,,
9788853015594,9788853015594E,,,,
9788853015587,9788853015587E,13755,,
9788853015570,9788853015570E,,,,
9788853015563,9788853015563E,,,,
9788853015549,9788853015549E,,,,
9788853015556,9788853015556E,,,,
9788853015471,9788853015471E,,,,
9788853015464,9788853015464E,,,,
9788853015518,9788853015518E,,,,
9788853015501,9788853015501E,13777,,
9788853015488,9788853015488E,13774,,
9788853015525,9788853015525E,13779,,
9788853015495,9788853015495E,,,,
9788853015457,9788853015457E,,,,
9788853015532,9788853015532E,,,,
